{
  "timestamp": "2025-08-29T19:06:39Z",
  "zirc_version": "0.0.1-dev",
  "benchmarks": [
    {
      "name": "factorial",
      "iterations": 5,
      "avg_total_ms": 0.0489,
      "min_total_ms": 0.0448,
      "max_total_ms": 0.056499999999999995,
      "avg_lex_ms": 0.00668,
      "avg_parse_ms": 0.0064,
      "avg_exec_ms": 0.03542,
      "memory_usage_kb": 1
    },
    {
      "name": "fibonacci",
      "iterations": 5,
      "avg_total_ms": 59.47892,
      "min_total_ms": 56.6989,
      "max_total_ms": 65.3429,
      "avg_lex_ms": 0.011880000000000002,
      "avg_parse_ms": 0.013019999999999999,
      "avg_exec_ms": 59.4535,
      "memory_usage_kb": 1
    },
    {
      "name": "loops",
      "iterations": 5,
      "avg_total_ms": 3.61512,
      "min_total_ms": 3.5601000000000003,
      "max_total_ms": 3.6875,
      "avg_lex_ms": 0.00944,
      "avg_parse_ms": 0.00776,
      "avg_exec_ms": 3.5975,
      "memory_usage_kb": 0
    },
    {
      "name": "sorting",
      "iterations": 5,
      "avg_total_ms": 0.08856,
      "min_total_ms": 0.0582,
      "max_total_ms": 0.1618,
      "avg_lex_ms": 0.016900000000000002,
      "avg_parse_ms": 0.019080000000000003,
      "avg_exec_ms": 0.0523,
      "memory_usage_kb": 0
    }
  ]
}