{
  "timestamp": "2025-08-29T18:13:58.408485+00:00",
  "zirc_version": "0.0.1-dev",
  "benchmarks": [
    {
      "name": "fibonacci",
      "iterations": 3,
      "avg_total_ms": 58.830533333333335,
      "min_total_ms": 57.903999999999996,
      "max_total_ms": 59.3614,
      "avg_lex_ms": 0.013466666666666667,
      "avg_parse_ms": 0.014266666666666669,
      "avg_exec_ms": 58.802166666666665,
      "memory_usage_kb": 1
    }
  ]
}