{
  "timestamp": "2025-08-29T18:59:45.239638100+00:00",
  "zirc_version": "0.0.1-dev",
  "benchmarks": [
    {
      "name": "factorial",
      "iterations": 5,
      "avg_total_ms": 0.05107999999999999,
      "min_total_ms": 0.0434,
      "max_total_ms": 0.061900000000000004,
      "avg_lex_ms": 0.00914,
      "avg_parse_ms": 0.0062,
      "avg_exec_ms": 0.03546,
      "memory_usage_kb": 1
    },
    {
      "name": "fibonacci",
      "iterations": 5,
      "avg_total_ms": 56.93148000000001,
      "min_total_ms": 56.1079,
      "max_total_ms": 58.6361,
      "avg_lex_ms": 0.011899999999999999,
      "avg_parse_ms": 0.012320000000000001,
      "avg_exec_ms": 56.90674,
      "memory_usage_kb": 1
    },
    {
      "name": "loops",
      "iterations": 5,
      "avg_total_ms": 3.6897999999999995,
      "min_total_ms": 3.6151999999999997,
      "max_total_ms": 3.7685,
      "avg_lex_ms": 0.006699999999999999,
      "avg_parse_ms": 0.006280000000000001,
      "avg_exec_ms": 3.6763199999999996,
      "memory_usage_kb": 0
    },
    {
      "name": "sorting",
      "iterations": 5,
      "avg_total_ms": 0.05994000000000001,
      "min_total_ms": 0.0523,
      "max_total_ms": 0.08009999999999999,
      "avg_lex_ms": 0.015539999999999998,
      "avg_parse_ms": 0.01044,
      "avg_exec_ms": 0.03368,
      "memory_usage_kb": 0
    }
  ]
}